,user,text,favorite_count,retweet_count,created_at
0,3laa7gag,๐๐โฅ๏ธ https://t.co/qFR69bZP7l,0,0,2023-06-06 16:46:09+00:00
1,3laa7gag,ุฌุจุชู ุงูุบุจุงุก ุฏู ููู ูููู ุฒูุงุฏุฉ https://t.co/HJHI1hl6dd,0,0,2023-06-06 16:12:17+00:00
2,3laa7gag,ูุงุฏุฉ ุงูู ูุง ูุชูุฑุฉ ุงูุชู ุจุชุณููุง ุชุนููููุง ุฏู ุชุนููู ุฃุตูุง.. ุงูุชู ุนูู ุงููู ุฎุงูุต https://t.co/lXVQ3Cvjqi,0,0,2023-06-06 16:06:22+00:00
3,3laa7gag,ุจุญุจ ุฏุนุงุก ุฎุชู ุงููุฑุขู ููุดูุฎ ูุญููุฏ ุนูู ุงูุจูุง ุฌุฏุงุ ูุนูู ุญุงููุง ูุฑุจ ูุฎุชู ุฃูู ูููุณู ุฃูุงู ุจุณ ูุงุฒู ุฃุณุชูู ุฃุณูุนู ุงูุฃูู,1,0,2023-06-06 02:26:37+00:00
4,3laa7gag,ูู ูุง ุฃุนูุฒ ุฃุถุญู ุฃุฑูุญ ุฃุดุบู ูุฏูู ุฌูุงุฒุฉ ุงูุฅุณุฑุงุฆููููู ููู ุจูุนูุทูุง,0,0,2023-06-05 20:24:47+00:00
5,3laa7gag,ููุฑุฉ ุฅูู ุชูุชุจ ุฃูุฏุงูู ูุญุงุฌุงุช ุชุดุฌุน ููุณู ูููุง ูู ููุชุณ ูุชุญุชูุธ ุจููุง ุทูุนุช ุฌุงูุฏุฉ ุงูุตุฑุงุญุฉุ ุงูููุงุฑุฏุฉ ููุช ูู ูููุฏ ุงูุชุฆุงุจ ุดููุฉ ูุฏู ุจุณ ููุช ูุญุชูุธ ุจููุช ูู ุฏูู ุนูู ุงูุฏูุณูุชูุจ ููุด ูุณูููุง ูุจุงูุชุญ ุฃุดูู ุฌูุงูุง ุงูู ูููุช ุญุงุฌุงุช ููุช ูุงุชุจูุง ูู ูุชุฑุฉ ุบูุฑุช ูููุฏู ูุนูุง ูู ุณุงุนุชูุง ุงูุญูุฏููู.,0,0,2023-06-05 02:21:23+00:00
6,3laa7gag,ุฅูููู ุงูููููู ููุฐูู ููุถููู ุนูููู ุงููููุงุณู ููููููููู ุฃูููุซูุฑู ุงููููุงุณู ููุง ููุดูููุฑูููู,0,0,2023-06-05 02:05:03+00:00
7,3laa7gag,"@ranakhaled21 ูููุณ ุฌุฏุงโฆโฅ๏ธโฉ
ูู ูุชุฑุฉ ุดูู ุญุฏ ููุฒู ุฃูู ุจูุญุจ ูุนูู templates ูุฏู ูุญุงุฌุฉ ุจูุณุชุนูููุง ูู ุดุบูุฉ ุจุญูุซ ูู ูู ุชุงุณู ููุฒูุฏ ุงููู ููุญุชุงุฌุฉ ูุจุณ ูุฏู ุจูููุฑ ุนููู ููุช..
ูุฏู ููุฑุฉ ูููุณู ููุฎุชููุฉ ูููู ุชุนููููุง ุจุฃูู ุชูุฒูู templates ุฃูุชู ุดุงููุฉ ุฃู ุฃู data engineer ุชูุฑูุจุง ุจูุณุชุนูููุง ุณูุงุก ูู ููุฏ ุฃู tool ูุนููู",1,0,2023-06-02 17:54:40+00:00
8,3laa7gag,"ููุนูุง ุชุงูู ููู ุงุฎุชุจุฑูุง ููุฒุช ุฃูุง ูุงูุญูุฏููู ูุงุฏุงูู ูุตุญู ุฌูุจ...
ูุฏูููุชู ุงููุตุญู ุฏู ูู ูุตุญู ุงููุฑุฏ ุจุชุงุนู โฆโฅ๏ธโฉ",1,0,2023-06-01 18:08:09+00:00
9,3laa7gag,ูุงู ุดูุฎู ุงููู ุจุงุญูุธ ูุนุงู ุจูุฌูู ุทูุจู ูุจุงุฑ ูุงููุง ุนูุฏู ููู ุถูููู ูุงุญุฏ ูุงู ุจูุชุฑุฏุฏ ุนูู ุงููุชุงุจ ุนูู ูุชุฑุงุช ูุฃูุง ูุงุชููู ุตุญุงุจู ููุง ุฃูุชุฑ ูุงุณ ุญุงูุธุฉ ููุงู ุนูุฏูุง ูุฑุงุฌุนุฉ ุณูุฑุฉ ุงูุชูุจุฉ ููุงู ูุงุนูููู ูุณุงุจูุฉ ุนูู ุฃุญุณู ูุงุญุฏ ูุณูุน... https://t.co/ReqQO8LhMy,3,0,2023-06-01 18:08:08+00:00
10,3laa7gag,๐๐๐๐ https://t.co/lkJ8E8WXMI,0,0,2023-06-01 11:49:20+00:00
11,3laa7gag,ูุนูู ุฃูู ููููู ูุด ุนุงุฑู ุฃูุงู ุจุณุจุจ ุงูุชุฑููู,0,0,2023-05-31 11:13:39+00:00
12,3laa7gag,https://t.co/y2GBc4orZH https://t.co/mv7Fpf1Jeo,1,0,2023-05-28 11:30:59+00:00
13,3laa7gag,"@sherifhany ููุฌููุงุชุุ๐
ุชูุจูู ุฏู ูุน ุงูููุฌูุงุช ููููู ููุฑูุถ ุนููู ุจุงูุธุจุท ููุง ุชุฑุฌุน ุงูุจูุช ูุชูุงูู ุงุจูู ูุฒูููู ูุซูุง ูู ูุถุน ูุด ููุง ุจุฏ ุณุงุนุชูุง ูุชููู ุจุงูุจุงุจ ูุชููู ุจููุนุจูุง ูุน ุจุนุถ ุจุณ ุฃู ุงููุดููุฉุุ
ุงูุชูุงูู ูู ุญุงุฌุฉ ุจูุฃุฏู ูุชูุงูู ุฃูุจุฑ ูู ุงููู ูุจููู ูููุฐุง...
ูุจูุงุด ุงูููุงู ุงูุฑููู ุฏู ุนูู ุดููุฉ ุฃููุงู",2,0,2023-05-27 09:58:57+00:00
14,3laa7gag,"{ููุง ุนูุจูุงุฏู ููุง ุฎููููู ุนููููููููู ุงูููููููู ููููุง ุฃููุชููู ุชูุญูุฒูููููู}

ููููู ููู ุงููู : ูุง ุนุจุงุฏูุ ูุง ุฎูู ุนูููู ุงูููู ูููุง ุชุณุชูุจููููุ ููุง ุฃูุชู ุชุญุฒููู ุนูู ูุง ูุงุชูู ูู ุญุธูุธ ุงูุฏููุง.",2,0,2023-05-25 22:57:11+00:00
15,3laa7gag,@BooOooDi5 ุงูุช ูู ุฑุงูุญ ุชุณูู ุนูููู ูุด ูููููู ุชูุช ุฏูุงูู ๐,0,0,2023-05-22 21:43:07+00:00
16,3laa7gag,@D07A98 ููุช ุดุงูู ุญุฏ ููุฒู ููุชุจ ุจ 34000 ูุนูู ุงูููุถูุน ูุถุญู ูุจูู ูู ููุณ ุงูููุช D:,0,0,2023-05-22 17:38:03+00:00
17,3laa7gag,"ุฃุฌูุฏ ุนุดุงู ูุณูู...

ูุณูู ุฃูุชู ูุฏู ุจุชุงุนุฉ ุฑุจูุง๐",0,0,2023-05-21 11:32:52+00:00
18,3laa7gag,ุชููุชุฑ ุฏู ุชุฎุตุต ูุดุงูู ููู ุญุฏ ุนูุฏู ูุด ุจูุชููู ุนููุง ููุจุนุชูุงูู ูู ูุญุฏ ุนูุฏู... ุทุจ ูุง ุณูุฏู ุดูุฑูุง D: https://t.co/9D3W8pB5I2,0,0,2023-05-21 07:47:16+00:00
19,3laa7gag,"@elsanteelalaa Same ๐
ุงููู ุนุฑูุชู ุฃู ูุนุธู ุงูุฅุนูุงูุงุช ุงููู ุจุชูุฒู ุฏู ุนูุดุงู ุงู community ูููุฑูุถ ุนูููู ููุฏู ุจุณ ุงููู ุจูุญุตู ุฃู ุงูููุถูุน ุจููุดู ููู referral.. ุญุฏ ูู ุตุญุงุจู ุดุบุงู ุจููููู ุฃู ุงูุดุฑูุฉ ุจุชุนูู ูููู ูุณุจุฉ ูุนุงุฆุฏ ูู ุนูููุง ุฏู ูุญุฏ ูููุณ  ูุนุฑููู ูุฃู ุจูููุฑ ุนูููู ูุชูุฑ.. https://t.co/tq0m7sdniV",4,0,2023-05-20 18:19:34+00:00
20,3laa7gag,ูููุฏู ููุง ุนูุงู ุฎูุงุชู ูุฌุชูุนูุง ูููู ุนูุฏูุง ูู ุชุฑุจุงุณ ุงูุฃูุถุฉ ููููู ูููุณ ููุฑูุจ ุงููุฏููู ููุงุชุญ ุงููุงุจ ูุดุบุงู๐คก ูุง ูุฏู ูุง ูุง ุชุดุชุบูุด ูุญุงุฌุชู ุชุชูุณุฑ ๐,0,0,2023-05-16 21:17:04+00:00
21,3laa7gag,"ูุงู ุฑุณูู ุงููู ุตูู ุงููู ุนููู ูุณูู: ยซูููู ุตูุงูู ุฑูููุถูุงูู ุซูููู ุฃูุชูุจูุนููู ุณูุชููุง ูููู ุดููููุงููุ ููุงูู ููุตูููุงูู ุงูุฏููููุฑยป 

ุงูููุงุฑุฏุฉ ูขูค ุดูุงู ูุงููู ูุณู ูุง ุตูุด ูููู ูู ุงูููุงุฑุฏุฉ ูุฑุจูุง ูุชูุจู ููุง ุฌููุนูุง",1,0,2023-05-13 22:47:11+00:00
22,3laa7gag,โฆโฅ๏ธโฉ https://t.co/6zAj4WBamJ,0,0,2023-05-13 14:25:55+00:00
23,3laa7gag,"ููุช ุจุงูุฑุฃ ุงููุฑุขู ูููู ุงูุญูุฏ ูู ููู ุชูุฑูุจุง ูู ุณูุฉ ุฑุงุจุนุฉ ูุณูุฉ ุณุชูโฆโฅ๏ธโฉ
ุฃูู ููู ูุฑุฃุช ููู ูุงู ุงูููุฑุจุงุก ูุงุทุนู ูู ุงููุฏุฑุณุฉ ูุงุชุญุท ูุฑุณู ูุณุท ุงููุตูู ูููุง ูุงููู ูุงู ุจููุฑุฃ ุนูุทูู ูุง ุฌุงุด ูุตุญุงุจู ูุฏูููู ููุงู ูุทููุจ ุตูุช ุนุงูู ููุฑุงุกุฉ ูููุณุฉ ูุงูุญูุฏููู ูุงู ุงููู ูุจุณูุท ููู ููู ุจุนุฏูุง ูููุช ูุฑุงุกุฉ ูุน ุงููู ๐ฅฐ https://t.co/WyM1cgiCt5",1,1,2023-05-13 02:39:41+00:00
24,3laa7gag,ููุฐุง ูู ุงูุญูููุฉ ุฅููุง ููุน ูู ุฃุตุญุงุจ ุงููููุจ ุงูุณูููุฉ ุงูุฑุงุบุจุฉ ูู ุงูุฎูุฑ ุงููุญุจุฉ ููุฎูุฑ ูุฅููุง ุชุนุชูู ุจูุฐู ุงููุณุงุฆู ููุง ูู ูููุจูุง ูู ุงูุฑูุฉ ูุงููุญุจุฉ ูุงูุฑุบุจุฉ ูููุง ุนูุฏ ุงููู ูุงููุตุญ ูุนุจุงุฏ ุงูููุ ููุฏุนู ูููุณู ููุฏุนู ูุฅุฎูุงูู ุงููุณูููู.,0,0,2023-05-12 23:49:45+00:00
25,3laa7gag,"ูุฅุฐุง ููุช ุงูููู ุงุบูุฑ ูููุงูุ ุงูููู ุฃุตูุญ ููุจู ูุนูููุ ุงูููู ูุณุฑ ุฃููุฑูุ ุงูููู ุงุฑุฒูู ุงูุฐุฑูุฉ ุงูุตุงูุญุฉุ ุงูุฒูุฌุฉ ุงูุตุงูุญุฉุ ุงูุนูู ุงููุงูุนุ ุชุฏุนู ูุฃุฎูู ุจูุง ุชุฑุงู ููุงุณุจุงุ ูุงูููู ุงููููู ูููู: ุขููู ููู ุจูุซููุ
.
.",0,0,2023-05-12 23:49:44+00:00
26,3laa7gag,"ููู ุงูุญุฏูุซ ุงูุตุญูุญ ูููู ๏ทบ:ยูุง ูู ูุคูู ูุฏุนู ูุฃุฎูู ุจุธูุฑ ุงูุบูุจ ุฅูุง ูุงู ุงูููู ุงููููู: ุขููู ููู ุจูุซููยูุฏุนูุฉ ุงููุณูู ูุฃุฎูู ุงููุณูู ูู ุธูุฑ ุงูุบูุจ ูุณุชุฌุงุจุฉุ ูุฃูุช ูุง ุฃุฎู ุนูู ุฎูุฑ ุฅุฐุง ุฏุนูุช ูุฃุฎูู ุชููุนู ูุชููุน ููุณูุ ุงูููู ูุคูู ููุฏุนู ูู ูููู ูู:ยููู ุจูุซููุ 
.
.",0,0,2023-05-12 23:49:43+00:00
27,3laa7gag,ุฃูุง ูุงุฑู ุญุชู ูุง ุนุจุฑููุด ุจูุงูู ุญุชู,0,0,2023-05-12 20:19:25+00:00
28,3laa7gag,ุญุฒู๐ https://t.co/6jk2vr3rx0,0,0,2023-05-12 19:23:28+00:00
29,3laa7gag,โฆโฅ๏ธโฉ๐ฅฐ https://t.co/1Cfoi6lQE7,1,0,2023-05-12 02:37:31+00:00
30,3laa7gag,"@karimamd95 ุงูุญุงุฌุฉ ุงููุญูุฏุฉ ุงููู ูุงูุช ุณููุฉ ูู ุงูููู ุจุชุงุน ุงูููุงูู ูุงูุฃูุนุงุจ ุงููู ุจูุฌูุจููุง ุฏู ูุด ุนุงุฑู ุจูุณููุง ุงูููู ุฏู ุงูู ุงูุตุฑุงุญู ๐
ุจุณ ูู ุณูุฉ ูุงููุง ุฌุงูุจูู ุฏู ฺู ูุงูููุถูุน ููุจ ูุงุฒููู ูุฑูุต ูุฏุฑุฌุฉ ูุงู ุนูุฏูุง ุณููุดู ูููููุง ูุจุงูุนุงููุฉ ุงููุนูุฏ ุนุฑู ูููู ุงูุณููุดู ูุงูุฏูุงุชุฑุฉ ุงุดุชูุช ุจุณ ุงูููุถูุน ููู ุนุงุฏู ุจุฑุฏู๐",0,0,2023-05-11 13:28:28+00:00
31,3laa7gag,"@moustafa_alaa22 Congrats โฅ๏ธ๐, you deserve more than thatโฅ๏ธ",1,0,2023-05-10 15:59:42+00:00
32,3laa7gag,"ูู ุฃูุถู ุงููููุงุช ุงูุชูููุฉ ุงููู ุงูุณุงุญุฉ ุญุงููุง ูุฅู ูุงู ูู ูุธุฑู ููู ุฃูุถูููโฆโฅ๏ธโฉ
ุฑุจูุง ููููู ูุง ุจุดูููุฏุณ ููุฌุนูู ูู ููุฒุงู ุญุณูุงุชู ูุชุณุชูุฑ ุฏุงุฆูุง ูู ุชูุฏู ุจุงูุฃุฏุงุก ุงูุฑุงูู ุฏู ๐นโฆโฅ๏ธโฉ https://t.co/liqVMmDC5d",0,0,2023-05-09 20:59:34+00:00
33,3laa7gag,ุจุญุจ ุงูุตูุฑ ุงููู ุฒู ุฏู ููู โฆโฆโฅ๏ธโฉ https://t.co/MQxRVAgeRA,0,0,2023-05-08 15:18:23+00:00
34,3laa7gag,"ููุชุธุฑ ุฑุณุงูุฉ ูููุฉ ุนูู ุงูููู ูุงูููุถูุน ุญุฑููุงู ูุดุชุชูู ุฌุงูุฏ ุชูุฑูุจุง ูู ุดููุฉ ูุงุฒู ุฃูุชุญ ูุฃุจุต ุนูู spam ู Promotions ูุญุชู ุงู trash ๐โฆ

-ุงู trash : ุฃูุง ูุงูู ูุง ููุจู๐๐",0,0,2023-05-08 15:09:04+00:00
35,3laa7gag,"ุฏุง ูุจุฑ ุฎูู ุจูููุฏ ุตุงุญุจู ูุฃุดุฑ ุฃุนูุงูู ุญุฑููุงูุ ุฃูุง ููุง ุจููู ุงููู ูุฑุฌุนูุชู ุงูุฏูู ุฃุณุงุณุงู ููู ุงููู ุบูุฑ ูุฏู ูุตุนุจ ูููู ุงูููุงู ุฏู.
ุนููู ูุง ููุฏุฑุด ูุณุชูุนุจ ูู ุดุฆ { ููุง ุฃูุชูุชู ูู ุงูุนูู ุฅูุง ููููุง } ูุงูุฑุฃ ูููุณ ูุจู ูุง ุชุณุชููุต ุฃู ุชูุชูุฏ ูุฃู ุงูุญูุฏููู ุฏูููุง ููุฆ ุจุงูุฑุฏ ุงูุณููู ุนูู ุงูุดุจูุงุช ูุงููุชู.",0,0,2023-05-08 00:11:41+00:00
36,3laa7gag,"ุชุนููุจูุง ุนูู ุงููุดููุฉ ุงููู ุนูู ููููุฏุงูุ ูู ุงูุญุงุฌุงุช ุงูุฎุทุฑุฉ ุฌุฏูุง ุฅู ุฅูุณุงู ุฑุจูุง ููููู ุนููู ุจููุตุจ ูููุงูู ุนูููุฉ ูููุณู ูุณุงุนุชูุง ููุชูุฑ ุฅู ูู ููุงูุชู ุฏู ููุฏุฑ ูููุฑ ูููุชูุฏ ูู ุดุฆุ ุงููู ูู ุฃูุง ูู ูุชุฑ ุงูุนูู ูุงูุดุทุงุฑุฉ ุฃูุง ุดุบุงู ูู ุฌูุฌู ูุฅูู ูุงุถู ุตุนุจ ุนูู ุฏูุงุบู ุชุงูู ุชุณุชูุนุจูุุ!
...",0,0,2023-05-08 00:11:40+00:00
37,3laa7gag,"ูุง ุญูู ููุง ููุฉ ุฅูุง ุจุงูููุ
ุชูุฏูุณ ุงููุงุดุฆ ูู ุฃุฌู ูุงุดุฆ. https://t.co/xfwo9qbAJO",0,0,2023-05-06 12:01:01+00:00
38,3laa7gag,ุณูุฏูุง ูุญูุฏ -ุนููู ุงูุตูุงุฉ ูุงูุณูุงู- ุจูููู { ุงุชููุง ุงููุงุฑ ููู ุจุดู ุชูุฑุฉ } ููุง ุชุณุชูููุด ุฃุจุฏูุง ุจุฐูุจ ูููุง ูุงู ุตุบูุฑ ุญุชู ูู ูุงูู ุฃู ุฑูุชููุช ููุฐูู ุงูุฎูุฑุ ูุชุฐูุฑ ุฏุงุฆูุง ุฅู ุงูุฅูุณุงู ุจูุฑุญู ููุจูู ุฃุซุฑูู ูุฃูุช ุงุฎุชุงุฑ ุจูู ูู ููููู ุฃุซุฑู ุฏู ูู ููุฒุงู ุญุณูุงุชู ููุง ุณูุฆุงุชู.(ูค),1,0,2023-05-05 02:53:42+00:00
39,3laa7gag,"ุงูุตุฑุงุญุฉ ุงูููุถูุน ูุด ูุฏู.. ูุนูู ููู ุฅู ุฑุจูุง ุณุชุฑ ุนููู ูุนุตูุชู ูุจุชุฌุงูุฏ ููุณู ุฅูู ุชุชุฎูุต ูููุง ูุจุชุญุงูู ุฅู ุบูุฑู ูุง ูุนููุด ุงููุนุตูุฉ ุฏู ุฒูู ุฏุง ูุด ุฑูุงุก.
ููุงูุฉ ุนููู ุฐูุจ ููุณู -ูุญุงูู ุฌุงูุฏูุง ุงูุชูุจุฉ ููู- ูุจูุงุด ุชุดูู ุขุซุงู ุบูุฑู ููุฌุฑุฏ ููุดูุฑ ููู ุฃุบุงูู ุจูุนุจุฑ ุนู ููุฏู ูุซูุง ุฃู ูููู ุจูุนุจุฑ ุนู ูููู ุญุตู ูุนุงู.(ูฃ)",1,0,2023-05-05 02:53:41+00:00
40,3laa7gag,"ูุฏุฎู ูู ูุฏุงุฎู ุงูุดูุทุงู ุงููู ูุนุธููุง ุจููุน ููู ูุชูุฑ ุฅูู ูุซูุงู ูููู ูุนุธู ููุดูุฑุงุชู ุญุงุฌุงุช ุฏูููุฉ ุญุชู ูู ูุงููุงุช ูููููู ุงูุช ุจุชูุฑุงุฆู ููู ูุนูู ุงูุช ุฎุงุฑุจูุง ูุน ููุณู ูุชูุดุฑ ุงููู ุจุชูุดุฑู ุฏูุุ
ูููุณ ุนูู ุฏู ุฃู ุญุงุฌุฉ ุฎูุฑ ุจุชุญุงูู ุชุนูููุง ุจุณ ุจูููุนู ุญุงุฌุฉ ุฒู ุฏู
(ูก)",3,0,2023-05-05 02:53:41+00:00
41,3laa7gag,@hasib457 ูู ูุง ุตุฏูุชููุด ูู ุบูุฑ Amazon ุจุณ ููุบูุช ุงู MFA ุฏุง ุฎุงูุต D:,0,0,2023-05-04 19:03:07+00:00
42,3laa7gag,@hasib457 ูุดููุชู ูุน MFA ุจุชุงุน Amazon ุตุญุุ,0,0,2023-05-04 18:11:55+00:00
43,3laa7gag,"ูุง ุฑูุช ุงููู ูุนุฑู ุฅู ุงูุนุฑุจ ูุงููุณูููู ุนูููุง ูู ููุจุน ูุฃุตู ุงูุญุถุงุฑุงุช ูุงููู ูุด ูุตุฏู ุฏู ูุฑุงุฌุน ุชุงุฑูุฎู ุงูุตุญูุญ ูููุณ ุูุฅู ูุง ุชูุฑุถุด ุนูููุง ุงูุฐู ุฅูุง ููุง ูุดููุง ูุฑุงุก ุงูุณูููุท ุฏูู ููุณููุง ุงุญูุง ููู ูููุง ุจุงููุณุจุฉ ูููู ุฅูู ุฒูุงู.

ุงูููุถูุน ูุด ุญุฑูุฉ ุฒู ูุง ุจูููููุง ูุงููู ูุฅููุง ุนุจูุฏูุฉ ููุดูุทุงู ูุงูููู ูุจุณ.",0,0,2023-05-03 14:59:33+00:00
44,3laa7gag,"ูุงููู ูุง ุฌูุงุนุฉ ูููุง ูุงู ุงูุชูุฏู ุงูุนููู ูุงูุชููู ุนูุฏ ุงููุงุณ ุฏู ูุชูุถู ูุฐุงุฑุชูู ูุฌูููู ุงูููุณู ูู ูู... ุชุฎูู ูููุฉ ุงูุฌูู ูุงูุญูู ูุชูุฏูุณ ููููู ุงููู ูู ููู. 
ูููุฃุณู ุจุงูุชูุทุน ูุงูุฅุชุจุงุน ุงูุฃุนูู ููุนุธููุง ูููู ุจูุช ุงูุฃููุงุฑ ุฏู ุนูุฏ ูุนุธููุง ุนุงุฏู ูููู ุฃู ุญุฏ ุจูุฏุงูุน ุจูููุฉ ุนู ุฏููู ููุทุฑุชู ููู ุฑุฌุนู",0,0,2023-05-03 14:59:31+00:00
45,3laa7gag,"ุจุชููู ุจูุช ุนูุฏูุง ุณูุชูู ุจุงููุณุจุงูู ูุด ุตุบูุฑุฉ ููุงุฒู ูุฏููุง ""ุงูุญุฑูุฉ"" ๐ ุนูุดุงู ุชูุฏุฑ ุชุญุฏุฏ ููุน ุฌูุณูุง ุจููุณูุง...! https://t.co/Mhu2BWjGJu",0,0,2023-05-03 14:59:31+00:00
46,3laa7gag,ุชุฎูู ุชุจูู ุฅูุณุงู ูุฏูุจ ุนุดุฑููู ูุณู ูุดุงูู ูููู ูุงุณ ุฃุฑุจุนูููุฉโฆ ูุฃุฒูุฏ!!ุ,0,0,2023-04-30 23:13:02+00:00
47,3laa7gag,@nothing73ar ุญุงููุง ุฃูุง ุฏุงุฎู ูู ุณูุฉ ูุฃูุชุฑ ููุง ุบูุฑุชุด ุงููุณุฎุฉ ูุฃู ูุงุนู ูู ุชูุฒูู ูุชุธุจูุท ูู ุญุงุฌุฉ ูู ุฃูู ูุฌุฏูุฏ ๐,1,0,2023-04-30 23:06:49+00:00
48,3laa7gag,"@ranakhaled21 Just sent you an email, please don't hesitate to contact me.",1,0,2023-04-30 22:44:46+00:00
49,3laa7gag,"""ุฑูุญูุงู ูู ุฃุฑู ููุฑ ุฏููุงูู... ุฑูุญูุงู ุญูู ูููุงู ูุงุช""

ูุง ุญูู ููุง ููุฉ ุฅูุง ุจุงูููุ ุฅูุง ููู ูุฅูุง ุฅููู ุฑุงุฌุนููุ
ุฃุณุฃู ุงููู ุฃู ูุฏุฎูู ูู ุฑุญูุชู ููุณููู ูุณูุญ ุฌูุงุชู ูุฃู ูููุชูุนู ุจูุฐุฉ ุงููุธุฑ ุฅูู ูุฌูู ุงููุฑูู ูุง ุดูุฎ ุนุจุฏุงููู

#ุงูุดูุฎ_ุนุจุฏุงููู_ูุงูู https://t.co/ziSJwMagdN",3,1,2023-04-27 13:25:23+00:00
50,3laa7gag,"ุนูู ุงูุฑุบู ูู ุฅู ุงููู ุนุงุฑู ุฅู ูุญุฏุด ููุงุฎุฏ ูู ุงูุฏููุง ุฏู ุญุงุฌุฉ ุฎุงูุต ุฅูุง ุนููู ุงูุตุงูุญ ูุฃู ุฑุจูุง ุงููุชููู ุจุงูุฑุฒู ููุน ุฏู ูุณู ุจุฑุฏู ุจูุญูุฏ ุนูู ุจุนุถ ูุจูุชุณุงุฑุน ูุฑุง ุณุฑุงุจ..!
ุฅูู ููุถุฑู ูู ููููุง ุฌูุจ ุฅูุณุงู ูู ูุฑุจุชู ูุณุงุนุฏูุงู ุนูู ุชุฌุงูุฒูุงุ ุชุฃูุฏ ุฃู ุฏู ูุด ููุทูุนู ุจุฑู ุจูุชู ููุง ูููุทุน ุนููู ุฑุฒููุ ุตููู ููุชู ุจุณ.",0,0,2023-04-25 22:19:07+00:00
51,3laa7gag,"ุจุนุฏ ูุง ุดููุช ุญูุงุฑ ุงููุงุฌุฆูู ุงูุณูุฏุงูููู ูุงููู ุฏุงูุฑ ุนูู ุฃุณุงุณ ุนุงุฏู ููุจููู ุนูุฏูุง ูุงุฌุฆููู ููุง ูุฃุ!
ุงูุชูุฑุช ููู ุฃุญุฏ ุงููุดุงูุฎ ูุงููู ุจูููู {ุงูุญูุฏููู ุฃู ุฏุฎูู ุงูุฌูุฉ ููุณ ููููู ูุฃุญุฏ ูู ุงูุจุดุฑ ูุฅูุง ูุฏุฎู ุงูุฌูุฉ ูุฃุบูู ุจุงุจูุง ูุฑุงุกู ููู ูุณูุญ ุจุฏุฎูู ุฃุญุฏ ูู ุจุนุฏู}",0,0,2023-04-25 22:19:07+00:00
52,3laa7gag,"ูุฑุฌุนูุง ูู ุชุงูู โฆโฅ๏ธโฉโฆ๐๐ฝโโ๏ธโฉ
ุงูุญูุฏููู ุงูุฐู ูู ุนูู ุนุจุงุฏู ุจููุญุงุช ุฎูุฑ ูุฑูุถุงู ููู ุนูููุง ุจุนูุฏ ุจุนุฏู ููุฑุญ ููู ุจูุทุฑูุง ูููู ุงูุญูุฏ ูุงูููุฉ.
ุฃุณุฃู ุงููู ุงูุนุธูู ุฃู ูุชูุจู ูููุง ุงูุตูุงู ูุงูููุงู ููุฑุงุกุฉ ุงููุฑุขู ูุฃู ููุชุจูุง ููุง ููู ุงูุนุชู ูุงูููุฒ ูุฃู ูุฌุนู ูุฐุง ุงูุนูุฏ ุนูุฏ ููู ูุจุฑูุฉ ูุณูุงู ุนูููุง ุฌููุนุงูโฆโฅ๏ธโฉ",1,0,2023-04-21 16:44:05+00:00
53,3laa7gag,"ุบูุฑ ุงูุนูุฏูู ุงููู ุงูุงุณูุงู ููุญูู ูููุง ูุง ุงุนุชุฑู ููู ูู ุงูุชุฑุถูุง ุฅู ููู ุนูุฏ ุฃู ูุงูุฃูุถู ุฅู ุฏู ูููุฑู ุจูุถููุง -ุจุนุฏ ุงููู- ุนููู ููุฏ ุฅูู ูููุง ุญููู ุนููู ูุงุฒู ุชุฃุฏููุง..
ููู ูู ุงุฎุชุตุฑุช ุฏุฉ ููู ุจุจูุณุช ุฃู ุงุณุชูุฑู ููุท ููุงุฒู ุชุฑุงุฌุน ููุณู ูุชูุญู ุชุชุทูุจ ุฑุถุงูุง ุจุฌุฏ ูุจู ูุง ุชููู ุตูุฑุชู ูุนุงูุง ูุฌุฑุฏ ุฐูุฑู",1,0,2023-03-21 00:59:19+00:00
54,3laa7gag,ุฃูู ุฎุจุฑ ูู ุงูุฃุฑูุงู https://t.co/I2taSPiEPI,0,0,2023-03-19 19:11:12+00:00
55,3laa7gag,ุดูุฑูุง ูุง ุฎููุง๐ https://t.co/1zr7QRdMX8,0,0,2023-03-19 18:28:57+00:00
56,3laa7gag,"ูุนูู ุงุฒุงู ุงูุช ุฏุงุฑุณ ุฅู ุงูุญุงุฌุฉ ุฏู ุบูุท ูููู ุจูู ุณูุจูุงุชู -ููู ุชุฎุตุตู ุฃุตูุงู- ูุจุชูุตุญ ุงููุงุณ ูุจุนุฏูุง ุนููุง ูุงูุช ุจุชุนูููุง!!ุ
ุนูุฑ ุฑุณุงูุชู ุจุงูุดูู ุฏู ูุง ูุชูุตู ูุฏุงููุง ูุชุญุณ ุจุงูููุต ุชุฌุงู ููุณู..
ููู ูู ูุงุญุฏ ุฃุฏุฑู ุฅูู ูุงุฒู ูููู ูุฏูุฉ ุญุณูุฉ ูู ูุฌุงูู ูุฎุฏ ุจุฃุณุจุงุจ ุฏู ูุงู ุฒูุงู ุญุงููุง ุฏูููุชู ูุฎุชูู ุชูุงูุงู.
(ูข)",0,0,2023-03-18 03:26:34+00:00
57,3laa7gag,"ูู ูุชูุงูุถุงุช ูุฏู ุจุชุชุนุจูู ููุณููุง  ูุจุชุฎูููู ุฃููุฏ ุงูุซูุฉ ูู ุงููู ูุฏุงููุ ุฒู ุฅู ุฃูุงูู ูุซูุง ุฏูุชูุฑ ุฃุณูุงู ุฃู ุตุฏุฑ ูุจูุฏุฎูุ ุฃู ุฏูุชูุฑ ุชุบุฐูุฉ ูุชุฎุณูุณ ููู ุฃุตูุง ุนุงูุฒ ูุฑูุญ ูุฏูุชูุฑ ุชุฎุณูุณุ ุฃู ุฅูุงู ูุณุฌุฏ ููุด ุจูุตูู ูู ุงูุฌุงูุน ุบูุฑ ุงูุฌูุนุฉ ุนูุดุงู ูููู ุงูุฎุทุจุฉ ุงูููุฑูุถุฉ ุนูููุ ูุบูุฑูู ูุบูุฑูู.
(ูก)",0,0,2023-03-18 03:26:34+00:00
58,3laa7gag,@D07A98 @bary667 ุถูู ูููู ุจูุฏูุงุณุช ุฎุทูุฉ ูุฎุตูุตุง ุณูุณูุฉ ููููุช ูุน ุณูููุงู ุงููุงุตุฑ ูููุง ูุฃููุง ูููุฉ ููููุฏุฉ ุฌุฏุง ุงูุตุฑุงุญู,0,0,2023-03-18 03:15:07+00:00
59,3laa7gag,@_muhammedehab_ ุฃูู ูุจุฑูู ูุฑุจูุง ููููู ูู ุฅูู ุฌุงูโฆโฅ๏ธโฉ,1,0,2023-03-14 22:13:06+00:00
60,3laa7gag,@Ziad_M_404 ุงุฒุงู ูุงุญุฏ ุจูููู ุจูุฒุงูุฑ ุจุณ ูุด ุจูุดุฑุจ ุดุงู ุฏู ูุง ุชุฌูุด ุฎุงูุต ๐,7,0,2023-03-14 11:04:01+00:00
61,3laa7gag,๐ข https://t.co/MSAfsoCU5K,0,0,2023-03-13 17:06:48+00:00
62,3laa7gag,ููู ุฃูุงู ุฒูุงู ุฃูุงู ูุง ููุช ูููู ุฃูุนุฏ ุนูู ุงูููุชุจ ุญูุงูู ุฎูุณ ุณุช ุณุงุนุงุช ูุชูุงุตู ุฏูููุชู ูุด ุจุงุณุชุญูู ูุต  ุณุงุนุฉ ุจุงููุชูุฑ ูุฃุฑุฌุน ููุณุฑูุฑ ุชุงูู ๐ข๐,1,0,2023-03-12 21:08:39+00:00
63,3laa7gag,@MaiKasem12 ุฃูุง ูุฏูุช ูู ุงูุชุฑ ูู ุงุณุจูุนูู ูุญููุช ุงู assessments ูุงุชุจุนุชูู ุงููุชูุฌุฉ ุจุณ ูุญุฏ ุฏูููุชู ูุง ุฌููุด ุงููู ุณูุงุก accepted ุฃู ุญุชู rejected ููุด ุนุงุฑู ุงููุดููุฉ ููู ุงูุตุฑุงุญู,0,0,2023-03-11 23:22:26+00:00
64,3laa7gag,ุนุธูู โฆโฅ๏ธโฉ https://t.co/wYesz8PNBY,1,0,2023-03-10 15:11:10+00:00
65,3laa7gag,ุดุนูุฑ ุงูุงูุชุตุงุฑ ูุงูุฑุงุญุฉ ุงูููุณูุฉ ูุฃูุง ุจุดุทุจ ุนูู ููุงูู ูู ุงู to-do list ูู ุงูุญุงุฌุงุช ุงูุฌูููุฉ ูุนูููุงโฅ๏ธโฉ,0,0,2023-03-09 22:26:58+00:00
66,3laa7gag,ุณูู ูุงููู.. ูุงูุงูุณุชุง ุจุฑุฏู ููู ููุณ ุงููุดููุฉ ุนูุฏู https://t.co/6a2VdknDJu,0,0,2023-03-04 23:40:35+00:00
67,3laa7gag,ููููู ุงูุณููููุงุกู ุฑูุฒููููููู ููููุง ุชููุนูุฏูููู,1,0,2023-03-04 20:33:14+00:00
68,3laa7gag,ูุงุนูู ุฃู*,0,0,2023-02-24 15:10:56+00:00
69,3laa7gag,"ูุด ุนุงุฑู ูู ุบูุฑ ุงู ChatGPT ุงูููููู ุฏูู ููุช ูุงุนูู ูุนูู ุงูุชุงุณู ุชูุฑูุจุง ุฏูููุชู ูููู ูุงุฎุฏ ูุน ุงููุงุญุฏ ุฑุจุน ุงูููุช ุงููู ููุช ุจุงุฎุฏู ุฒูุงู..
ุนูุฑู ูุง ุฃูุง ุฃูุณู ูุดููุฉ ูุงุจูุชูู ูู project ูุง ุฃุฎุฏุช ููู ููููู ุชูููุฑ ูุชูุงุตู ูุญุฏ ูุง ูุตูุช ูุญููุง ูููุง ุงุณุชุฎุฏูุชู ุญู ููุง ุงููุดููุฉ ูู ุญูุงูู 5 ุซูุงููโฆ ๐",1,0,2023-02-24 15:06:29+00:00
70,3laa7gag,ุงูููู ุตูู ูุณูู ูุจุงุฑู ุนูู ุณูุฏูุง ูุญูุฏ ูุนูู ุขูู ูุตุญุจู ุฃุฌูุนููโฆโฅ๏ธโฉ๐น https://t.co/LyJezrMtbL,0,0,2023-02-24 14:33:15+00:00
71,3laa7gag,โฆโฅ๏ธโฉ https://t.co/rh83mbADcV,1,0,2023-02-21 22:55:28+00:00
72,3laa7gag,"@lookatthemoonn_ @shinangg ูุนูู ุงูุฃูุงู ุงูุฃูููุงูู ุฏู ุงููู ุจูููููุง ุนูููุง ุนุจุงุฑุฉ ุนู ุงู live sessions ุุ
ูุนุฏู ุญุถูุฑูุง ุจูุฃุซุฑ ุนูู ุงูุฏุฑุฌุงุช ุจุนุฏ ูุฏู ููุง ูุฃุุ",0,0,2023-02-20 10:55:32+00:00
73,3laa7gag,@lookatthemoonn_ @shinangg ุงููุญุชูู ุจุชุงุนูุง ูุดุฑุญ ุจูููู ุฒู ITI ูุฏู ููุง ุงููููุชููุช ุจุงูุงูุฌูุด ุนูู ุงููููุน ูุจูุฒุงูุฑ ูููุง ููุฌุฑุฏ ูู ุงูุงูููุงูู ุจูุดูููุง ุญุฏ ูุงูููู ุญุงุฌูุุ,0,0,2023-02-20 09:39:37+00:00
74,3laa7gag,"ูุนู ุชููู ูู ุงูููุฌูุฉ ููู ูุจูุง ุชุฏุฎู ุฑุญูุช ุงููู..
ุงูุชูุงุชู ุงููู ุงูููู ุงุชููู ุนูููู ูุง ุฎุฑุฌูุด ููู ุบูุฑ ููุง ูู ูุงุญุฏ ุชูุฑุจ ูุฑุจูุง ุจุนูู ุตุงูุญ ุตุงุฏู ุงุจุชุบู ููู ูุฌูู.
ุณูุฏูุง ูุญูุฏ ุตูู ุงููู ุนููู ูุณูู ูุงู {ุงุชููุง ุงููุงุฑ ููู ุจุดู ุชูุฑุฉ} ููุง ุชุณุชูููุด ุจุฃู ุนูู ุชุนููู..
ุฑุจูุง ูุณุชุนูููุง ูู ุฎูุฑ.",0,0,2023-02-15 23:54:38+00:00
75,3laa7gag,"ุฎูู ุจููู ูุจูู ุฑุจูุง ุนูู ุตุงูุญ ุชุจุชุบู ุจูู ูุฌูู ูุนูู ูู ูููุช ุญุฏ ูุญุชุงุฌ ูุณุงุนุฏุฉ ุงูุช ูุงุฏุฑ ุชููุฑูุง ุงุนูููุง ุจุฏูู ุงููุงุณ ูุง ูุญุณูุง ุฃู ูุดูููู ููู ูุฏุฑุช ุชุฎูู ุงููู ุจุชูุฏููู ุงููุณุงุนุฏู ุฏู ูุง ูุนุฑููุด ูููู ุงูุถู ูููู ุฑุจูุง ูู ุณุฑู ูููู ูุง ุฑุจ ุงููู ุนููุชู ุฏู ุจููู ูุจููู ุงุจุชุบูุช ุจู ูุฌูู
ูก",2,0,2023-02-15 23:54:37+00:00
76,3laa7gag,ุงูุญูุฏููู ูุฏู ุงุทููุช https://t.co/VaKrxrDRTO,0,0,2023-02-15 22:44:31+00:00
77,3laa7gag,ุงูุดุนูุฑ ุจุงูุชูุตูุฑ ูู ุญู ููุณู ุฏู ุจุบุถ ุงููุธุฑ ุนู ุงููุงุณ ุฃูุชุฑ ุญุงุฌุฉ ูุคุฐูุฉ ูุจุชุณุชููููู ุญุฑููุง..,0,0,2023-02-15 22:39:07+00:00
78,3laa7gag,"ุงูููู ุฅู ุฃุณุฃูู ุงูุซุจุงุช ูู ุงูุฃูุฑุ ูุงูุนุฒููุฉ ุนูู ุงูุฑุดุฏุ
ูุฃุณุฃูู ุดูุฑ ูุนูุชูุ ูุญุณู ุนุจุงุฏุชูุ
ูุฃุณุฃูู ูุณุงููุง ุตุงุฏููุงุ ูููุจุง ุณููููุงุ
ูุฃุณุฃูู ูู ุฎูุฑ ูุง ุชุนููุ 
ูุฃุนูุฐ ุจู ูู ุดุฑ ูุง ุชุนููุ
ูุฃุณุชุบูุฑู ููุง ุชุนููุ
ุฅูู ุฃูุช ุนูุงู ุงูุบููุจ",0,0,2023-02-15 18:06:47+00:00
79,3laa7gag,"ุฏู ุงูุณูุณุฉ ุนูู ุงูููุชููุจ
https://t.co/rsESJijceY

ูู ุญุฏ ูุญุชุงุฌูุง ุตูุช ุจุณ ูุฏู ุงูุฑุงุจุท ุจุชุงุนูุง ุนูู ุงูุณุงููุฏ
https://t.co/jZg9dTeJwq",0,0,2023-02-15 14:23:47+00:00
80,3laa7gag,"ุณูุณูุฉ ุงูุนุธูุงุก ุงููุงุฆุฉ ูุฌูุงุฏ ุงูุชุฑุจุงูู ูู ุฃูุถู ุงููุญุชูู ุงูุชุงุฑูุฎู ุงูุฅุณูุงููุ ูุงููู ููู ุงุชููู ุนู ุนุธูุงุก ูุณูููู ูุฌููููู ุบูุฑูุง ุงูุฏููุง ูู ุฒูุงููู ูุฃุนููุง ุดุฃู ุงูุงุณูุงูุ ูุงูุญูููุฉ ุงูุบุฑุจ ุฎูููู ูุฌููููู ูููุง ุนูุดุงู ูุถูุนูุง ูููุชูุง ููุฏูุชูุง..
ุฃูุง ุจุงูุตุญ ุฃู ุญุฏ ููุณู ูุนุฑู ุชุงุฑูุฎูุง ุงูุตุญูุญ
@alturbani",0,0,2023-02-15 14:23:46+00:00
81,3laa7gag,@ahmedaabed202 ุงู Exception ุฑุฏ ูู ูุดู ูุงู ูููุชููู,0,0,2023-02-15 13:56:46+00:00
82,3laa7gag,@karimamd95 ุงูููุชุณ ุจุชุจูู ุงู IQ ุงูููุญุฏุฑ ุงููู ุงููุงุณ ูุตูุช ููู,0,0,2023-02-13 18:47:36+00:00
83,3laa7gag,"@Muhammadgad99 @moustafa_alaa22 ุงูุตุฑุงุญู ูุนูุง ููุช ูุณุชูุชุน ุฌุฏุง ูุงูุง ุจุงุณูุนูุง ูุฃู ุถุงูุช ูุนูููุงุช ูุชูุฑ ูุฑุชุจุทุฉ ุจุงูุญูุงุฉ ุงูุนูููุฉ ูุด ูุฌุฑุฏ ููุงู ูุธุฑู ูุจุณโฆโฅ๏ธโฉ
@moustafa_alaa22
ุฌุฒุงู ุงููู ุฎูุฑุง ูุง ููุฏุณู ูููุชุธุฑูู ุงูุฌุฏูุฏ ุฅู ุดุงุก ุงููู",1,0,2023-02-10 18:40:53+00:00
84,3laa7gag,ูุง ุฑุจ ูู ุงูููุดุชูู ูุงููุฑุฌูุน https://t.co/NlRf5dP68R,0,0,2023-02-09 13:23:51+00:00
85,3laa7gag,"ูุงุจุชูุงู ุจูุนูุฉ ุงูุฃูู ูุงูุณูุงูุฉ ูู ุงููุงุฑุซุฉ ุฏู ูุดููู ูุชุนูู ุจููุง ูุชุญูุฏ ุฑุจูุง ูุนูุง ููุง ูุฌุฑุฏ ูููู ุจุชููููุง ููุชุจุฏุงุฑ ุจุงูุชูุจุฉ ููุง ูุฃุ ูุชููู ุจูุณุงู ุญุงูู ูุฃ ูุง ุนู ุงูุฒูุงุฒู ุจุนูุฏ ุนููุง ูุชุฎุงูุด..
ุฑุจูุง ุจูููู ( ูุฏ ุฌุงุฆูู ุจุตุงุฆุฑ ูู ุฑุจูู ููู ุฃุจุตุฑ ููููุณู ููู ุนูู ูุนูููุง)
ุฃุณุฃู ุงููู ุงููุฏุงูุฉ ูู ูููู..
(ูค)",0,0,2023-02-08 23:47:47+00:00
86,3laa7gag,"ุชุฎูู ุญุงูู ููุงู ุงููุงุณ ุฏู ูุงุนุฑู ุฅู ุฑุจูุง ุงุจุชูุงู ุจุฑุถู ุฒู ูุง ุงุจุชูุงูู..
ุงูุงูุงู ุงุจู ุชูููู ุจูููู ( ููุณ ูู ุฅูุนุงู ูุฑุงููุ ููุง ูู ุฅูุชุญุงู ุนููุจุฉ)
ูุนูู ุงุฎูุงููุง ุงููู ุชูููุง ุฏูู ูุญุณุจูู ุนูุฏ ุงููู ุดูุฏุงุก -ููุง ูุฒูู ุนูู ุงููู ุฃุญุฏ- ุฑุจูุง ุงุจุชูุงูู ูุงุจุชูุงู ูู ููุณ ุงูููุช ุงุจุชูุงูู ุจุงูุฒูุฒุงู ุงููู ูุฏู ุจููุชูู
(ูฃ)",0,0,2023-02-08 23:47:45+00:00
87,3laa7gag,"ุชุฏุงุนู ูู ุณุงุฆุฑ ุงูุฌุณุฏ ุจุงูุณูุฑ ูุงูุญูู)
ูุนูู ูู ุงูุฏูู ุฅููุง ูุณุชุดุนุฑ ุญุฒู ุงุฎูุงููุง ููุนุงูุงุชูู ููู ุงูุงุจุชูุงุก ุงููู ูุฑูุง ุจูู ุฏู.. ูุด ูุนูู ุฅููุง ูุด ูุงุฏุฑูู ูุณุงุนุฏูู ููุงู ูููู ุจูุณุงู ุงูููุงู ูุฏู ุจุฏูู ุฃู ุงุณุชุดุนุงุฑ ุจูุตูุจุชูู ุงููู ูุฑุญููู.. ุฏูุฑู ูุฏู ูุณู ูุง ุฎูุตุด ุฅู ูู ุชุจูู ูุชุจุงูู ุนูู ุงูุฃูู 
(ูข)",0,0,2023-02-08 23:47:44+00:00
88,3laa7gag,"ุฌูุงุนุฉ ูุด ุดุงูููู ุฅู ุนูุจ ุฃู ุญุชู ูุด ูู ุงูุฅูุณุงููุฉ ููุถู ูููู ุฃููู ูุฑูุงู ูุฏุฑูุฏ ููุณู ุนูู ุจุนุถ ุนูู ูููุด ููุณู ูุญุฏ ุฏูููุชู ุงุฎูุงููุง ูู ุณูุฑูุง ุจูุณุชุบูุซูุง ุฅู ูุณู ููู ูุญุฏ ุฏูููุชู ุถุญุงูุง ูุชูุฑ ุชุญุช ุงูุฃููุงุถุ!..
ุณูุฏูุง ูุญูุฏ ุจูููู ( ูุซู ุงููุคูููู ูู ุชูุงุฏูู ูุชุฑุงุญููู ููุซู ุงูุฌุณุฏ ุงููุงุญุฏ ุฅุฐุง ุงุดุชูู ููู ุนุถู...
(ูก)",2,0,2023-02-08 23:47:43+00:00
89,3laa7gag,"ูุง ุฑุจ ูุดูู ุฅููู ุถุนููุง ูููุฉ ุญููุชูุง ูููุงููุง ุนูู ุงููุงุณ..

ูุง ุฑุจ ุชูุจู ูู ูุงุช ูู ุงุฎูุงููุง ูู ุณูุฑูุง ูุชุฑููุง ุนูุฏู ูู ุงูุดูุฏุงุก ูุงุฑุจุท ุนูู ูููุจ ุญูููู ุจุงูุตุจุฑ ูุนุธู ุฃุฌุฑูู ูุงุฎูููู ุฎูุฑุงู ููุง ุฃุฎุฐ ูููู...",0,0,2023-02-08 18:33:30+00:00
90,3laa7gag,โฆโฅ๏ธโฉ๐ฅบ https://t.co/kufoL7UNoW,1,0,2023-02-08 18:17:38+00:00
91,3laa7gag,"ุฅูุง ููู ูุฅูุง ุฅููู ุฑุงุฌุนููุ ูุชุฐูุฑ ุฅุฎูุงููุง ูู ุณูุฑูุง ูุชุฑููุง ููู ุงูููุงุทู ุงูููููุจุฉ ุจุงูุฏุนุงุก. 
ุงูููู ุฎูู ุนู ุฅุฎูุงููุง ูุตุงุจููุ ูุชูุจู ูุชูุงูู ูู ุงูุดูุฏุงุก. ุงูููู ุขุฌุฑูู ูู ูุตูุจุชูู. 
#ุฒูุฒุงู_ุชุฑููุง_ุณูุฑูุง",0,0,2023-02-06 15:17:58+00:00
92,3laa7gag,ูุง ุฑุจ ุฃุณุฃูู ุงูุณูุงูุฉ ูุงูุนุงููุฉ,0,0,2023-02-06 14:14:48+00:00
93,3laa7gag,ุฃุณุชุบูุฑ ุงููู ุงูุนุธูู ูุฃุชูุจ ุฅููู,0,0,2023-02-06 12:04:49+00:00
94,3laa7gag,๐๐๐ https://t.co/IL3OC4UHkg,1,0,2023-02-05 22:44:21+00:00
95,3laa7gag,ูุง ุฑุจ ูุดุงูู ุฒู ุฏู https://t.co/eFT5Hc8Gqx,0,0,2023-02-04 13:19:40+00:00
96,3laa7gag,ูู ููู ููู ุจุณ ุงุชููู ุชูุงุชู โฆโฆ๐ https://t.co/0DSFvUvr6c,0,0,2023-02-03 21:26:31+00:00
97,3laa7gag,@mamdouh_sief94 ูู ุนุงู ูุงูุช ุฅูู ุงููู ุฃูุฑุจ ูุง ููุฏูุญโฆโฅ๏ธโฉ,1,0,2023-02-02 11:22:32+00:00
98,3laa7gag,ููุชุจุฏุฃ ุฑุญูุฉ ุงููุฌุงูุฏุฉ ููู ููุชู ุฅุชูุงููุงุ ููู ูุช ูุจู ุฅุชูุงููุง ููุชุจ ูู ุซูุงุจ ูุง ูููุช.,0,0,2023-01-24 21:54:19+00:00
99,3laa7gag,ุงููุดููุฉ ุฃููู ุจุนุฏ ูุง ุจูุฎูุตูุง ุชูุฑูุจุง ูููู ุจูุนูููุง ูุงุฑูุฑ ุดููุช ูุนูู ูุฒุงูุฑุฉ ุจูุง ูุฏู ูุฃุณุฃู ูุฌุฑุจ ๐ https://t.co/6U37h0wZSQ,1,0,2023-01-19 01:02:22+00:00
100,3laa7gag,ูุง ุฑุจ ุงููุฒุงูุฑุฉ ุชููุช ูุฃููุง ุจุงููุถุน ุฏู ุงุญูุง ุงููู ููููุช ๐,0,0,2023-01-16 14:03:36+00:00
101,3laa7gag,"ุฃูู ูุญูู ููุง ุฃู ูุณุชูุทุน ููุชุง ููุฑุจ ููู ูู ูุฐุง ุงูุชุทุงุญู ุงููุนุงุตุฑ ููุนูุฏ ุดุญู ุฃุฑูุงุญูุง ุจูุณุงุฆู ุงูุฅููุงู..ุ

ุฃูู ูุฃู ููุง ุฃู ูุฑูู ูููุจูุง ุจุงููุฑุขู..ุ

{ุงุจุฑุงููู ุงูุณูุฑุงู}",1,0,2023-01-12 00:46:21+00:00
102,3laa7gag,โฆโฅ๏ธโฉโฆ https://t.co/vmEubebEeV,2,0,2023-01-12 00:36:42+00:00
103,3laa7gag,ุฅููููุง ููููููู ููุฅููููุง ุฅููููููู ุฑูุงุฌูุนูููู,3,0,2023-01-11 11:32:00+00:00
104,3laa7gag,โฅ๏ธโจ https://t.co/euiR8DDaBD,0,0,2023-01-05 22:28:16+00:00
105,3laa7gag,ุญุฒู ๐ https://t.co/o6j4HeBSrS,2,0,2023-01-03 00:27:45+00:00
106,3laa7gag,ุธูููููุงุชู ุจูุนูุถูููุง ูููููู ุจูุนูุถ,0,0,2022-12-28 14:32:01+00:00
107,3laa7gag,"ูุง ูุฑูุฏ ุงูููู ููู ุฅูุง ุฃู ุชุฑูุฏูู..ููุฃุชู!

-ุงูุฑุงูุนู",0,0,2022-12-26 01:25:56+00:00
108,3laa7gag,ุชุฎูู ุฅู ููู ูุงุณ ุจุชุณุงูุฑ ุฃู ุจุชุฎุฑุฌ ูุฎุตูุต ุนูุดุงู ุชุชุตูุฑ ูุฏุงู ุดุฌุฑุฉ ุงููุฑูุณูุงุณ ุนุดุงู ุชุญุทูุง ุตูุฑุฉ ุจุฑููุงูู ูุชูุชุฎุฑ ุจ ุฏู.. ุฑุจูุง ููู ุงูุฅููุงู ุนู ููุท ุงููู ุจููุฏ ุงููู ุจูุนุงุฏู ุงูุฏูู -ูุฃุนุชูุฏ ุฃู ูู ุชูุงููุฏ ุฑุฃุณ ุงูุณูุฉ ุฏู ูุนุงุฏูุฉ ููุฏูู- ููุตูุญุฉ ููุฌู ุงููู ุฃูุนู ุชุณุชููู ุจุญุงุฌุฉ ุฒู ุฏู ูุฎุงู ุนูู ุฏููู ูุขุฎุฑุชู.,1,0,2022-12-25 12:11:35+00:00
109,3laa7gag,{ูููุง ุชูุฌูุฏู ููููููุง ููุคูููููููู ุจูุงูููููู ููุงูููููููู ุงููุขุฎูุฑู ููููุงุฏููููู ูููู ุญูุงุฏูู ุงูููููู ููุฑูุณูููููู ูููููู ููุงูููุง ุขุจูุงุกููููู ุฃููู ุฃูุจูููุงุกููููู ุฃููู ุฅูุฎูููุงูููููู ุฃููู ุนูุดููุฑูุชููููู},2,0,2022-12-25 11:57:43+00:00
110,3laa7gag,ููุนูู ุงูุฒูุงูู ูุณูุญู ููููุง,0,0,2022-12-22 23:13:30+00:00
111,3laa7gag,"@MoAdil24 ูุนูู ุงูุฃูู ุงุณูุน ุงููุตุญู ุงููุฑุชู ููุดูุฎ ุนุจุฏุงูุจุงุณุท ูุจุนุฏ ูุฏู ูุงุฑู ุจูู ุงูุงุชููู  ุจุฑุงุญุชู ูุชูุงูู ุงูุงุชููู ุนูู ููุณ ุงููุฑุชุจุฉ ูุฏุฑุฌุฉ ุงูุตูุช ูุชูุฑูุจุง ูุชูุงูู ุงูุดูุฎ ุนุจุฏุงูุจุงุณุท ุฃูุฏุฃ ูุฃุจูุบ ูู ุชูุตูู ุงููุนุงูู ููุงู..
ูุงุณูุน ุขุฑุงุก ุงููุฑุงุก ุงูุฎููุฌูู ููุณูู ูู ุงููุฑุงุก ุงููุตุฑููู ูุฎุตูุตุง ุงูุดูุฎ ุนุจุฏุงูุจุงุณุท ูุชุนุฑู ุงูู ุบูุทุงู",0,0,2022-12-22 23:06:21+00:00
112,3laa7gag,@MoAdil24 ุญุถุฑุชู ุงููุฑุงุก ุงููุตุฑููู ุจููุฑุฃูุง ุจูุฑุชุจุฉ ุงูุชุญููู ูุงูู ุจุชููู ุจุทูุฆุฉ ูุจุชุญุชุงุฌ ุชุฑููุฒ ุนูู ุงูุฃุญูุงู ููุฐูู ุนูู ุฏุฑุฌุงุช ุงูุตูุช ููู ุงููุฑุงุก ุงูุฎููุฌูู ุจููุฑุฃูุง ุจูุฑุชุจุฉ ุงูุชุฏููุฑ ููู ุงููุฑุงุกุฉ ุงููุชูุณุทุฉ ุงููู ูู ุจูู ุงูุจุทูุฆุฉ ูุงูุณุฑูุนุฉ ูุฏุฑุฌุงุช ุงูุตูุช ุบุงูุจุง ููุง ูุด ุจุชููู ุนุงููุฉ,0,0,2022-12-22 22:59:50+00:00
113,3laa7gag,๐๐ https://t.co/lfefbGa8Bx,1,0,2022-12-20 10:41:50+00:00
114,3laa7gag,ุงููููุฏูุงู ููู ุญุงุฌู ูุฏู ุญุงุฌุฉ ุชุงููุฉ ุฎุงูุต โฆโฅ๏ธโฉ๐ https://t.co/je1F2Q8NIc,0,0,2022-12-18 21:47:39+00:00
115,3laa7gag,"""ุงูุฅูุณุงู ุฃุถุนู ูู ุชุญููู ููุจูุฏ ูุฐู ุงูุฏููุง ุจุบูุฑ ููุงูู ูู ุฎุงูููุ ูุงูุญูุฏ ููู ุงูุฐู ุฃูุฒู ุนูู ุนุจุฏู ุงููุชุงุจ."")",0,0,2022-12-11 13:54:10+00:00
116,3laa7gag,ุณุฑ ุงูููุฒ โฅ๏ธโฉโฆ๐ฒ๐ฆโฉโฆ๐ฒ๐ฆโฉ๐ฅ https://t.co/WqSkQXiLOh,1,0,2022-12-10 18:10:33+00:00
117,3laa7gag,"ูุฑุงุก ุจุนุถ ุงููุนู ุงูุธุงูุฑุฉ ุญุฑูุงู ูุงุชูุ ูุชุฌุฑูุนู ุตุงุญุจู ุจูุฑุงุฑุฉ ููุง ูุฏุฑู ุจู ุฅูุง ุฎุงููู! 
(2)

ุฃุฏูู ุงูุดุฑูุงูู: {ุฅูู ุงูููููุณูุฑุฉู ููููุจููู}",1,0,2022-12-09 15:56:01+00:00
118,3laa7gag,"ูุง ุชุฎุฏุนูููู ุงููุธุงูุฑุ ุงููุงุณ ุตูุงุฏูู  ูุบููุฉ. 
ููุง ุชุญูููุง ุนูู ุงูุตูุฏูู ูุฅูู ููู ูุง ูุง ุชุฑูู! 
ูุงููุงุณ ูุงููุชุจ ูููู ูุง ูุง ูููู ูุนุฑูุชู ุจุงููุธุฑ ุฅูู ุงูุบูุงู ููุท!
ุฎูู ุงูุถุญูุงุช ุฌุฑูุญ ุบุงุฆุฑุฉ ุญุงูู  ุงููุงุณ ูุชูุงููุง ุนู ุงููุงุณุ ููุง ุชุฑู ุฅูุง ูุง ุชุฑู!
(1)",1,0,2022-12-09 15:56:00+00:00
119,3laa7gag,{ูููู ููุงูู ููุฑููุฏู ุซูููุงุจู ุงูุฏููููููุง ููุนููุฏู ุงูููููู ุซูููุงุจู ุงูุฏููููููุง ููุงููุขุฎูุฑูุฉู},1,0,2022-12-07 23:00:31+00:00
120,3laa7gag,ุนููู ุงูุนูุถ https://t.co/ivhbY9m5An,0,0,2022-12-05 13:21:43+00:00
121,3laa7gag,ุญูุงุฉ ุญููููุฉุ ููุญุจุฉ ุญููููุฉ.โค https://t.co/kw7ZverdbO,0,0,2022-12-03 21:20:12+00:00
122,3laa7gag,@ragaaaly_ ุจูุนุงููููุง ูุนุงูู ุชุงูุช ุดูููุง ูุฏู,1,0,2022-12-03 15:39:35+00:00
123,3laa7gag,@ragaaaly_ ูุณู ูุงุชุญ ูุนุงูุง ุงูุตุฑุงุญู ุงูู ุจุณ ูุญุชุงุฌ verify ุจุฑูู ููุจุงูู ุงูุฏููุฉ ุงููู ุฃูุง ุนุงูู ุนูููุง ุงู VPN,1,0,2022-12-03 15:37:01+00:00
124,3laa7gag,@ragaaaly_ ุฌุฑุจุช VPN ููุงูุชุญุด ุจุฑุฏุฉ ูุด ูุงูู ููู ุงููุนุงููุฉ ุฏู ๐,1,0,2022-12-03 15:24:49+00:00
125,3laa7gag,ุงูุจูููุงุฑู*,0,0,2022-12-03 15:18:36+00:00
126,3laa7gag,"ุฅูู ุญุตู ูู ูุณุชุดูู ูููุณูุง ุฏู ููู ุนูุฌููุฉ ููุจุฑ ุจุทุฑููุฉ ูุณุชูุฒุฉ ูุนูู ุฃูุง ูู ููุตุจ ุนุงูู ูุนููุชู ูุจูุฑุฉ ูุจูู ุฃุฏูุณ ูุงุถุฑุจ ุจุงููุฑุจุงุฌ ููุงู ุฃู ุญุฏ ุฃูู ูุฃุถุนู ููู ูุฃููุง ูุงุนุฏูู ูู ุบุงุจุฉ ูุญุงุฌุฉ ุญุณุจู ุงููู ููุนู ุงููููู ูุงููู
#ูุณุชุดูู_ูููุณูุง_ุงููุฑูุฒู",2,1,2022-12-02 21:18:03+00:00
127,3laa7gag,ุงูุจูููุงุฑุช ุนูุฏู ูููุงู ุจุฑูุฏูุงุณุช ุณุงูุจูุง ููููุงุตูุงุช ูููุณู ุฃุฑุฌุน ุฃุณุงูุฑ ุฒู ุฒูุงู ุนุดุงู ุฃุณูุนูู ุจุฌุฏ,0,0,2022-12-02 19:20:04+00:00
128,3laa7gag,"ูุฏุฉ ุณุนุงุฏุชู ูู ุงูุฏููุง ุญุชููู ุจููุฏุงุฑ ุงูุชูุณู ุจุทุฑูู ุงููู ูุฃูู ุญุชููู ุนุงุฑู ุฅูู ุณูุงุก ุจูุบุช ุงูุทุฑูู ููููุช ุฑุถูุงู ุงููู ุฃู ููุช ุนูู ุงูุทุฑูู ููู ููุง ุงูุญุงูุชูู ุณุชูุซุงุจ ุงูุซูุงุจ ุงูุนุธูู ูุทูุงุฆูููู ุงูููุณ ูุด ูุชุณูุจู ูููุง ุชุนุฑุถุช ูู ุฃุฐู ูู ุงูุฏููุง.
ููุง ุฑุจ ุฑุฏูุง ุฅููู ุฑุฏุงู ุฌูููุงู ูุซุจุชูุง ุนูู ุทุฑููู ุงููุณุชููู.(2)",0,0,2022-12-02 11:45:15+00:00
129,3laa7gag,ุฎุทุจุฉ ุงูุฌูุนุฉ ุงูููุงุฑุฏุฉ ูุงูุช ุจุนููุงู ( ูู ุฃูุช ุณุนูุฏุ ุฃู ุดุนุฑุช ุจุงูุณุนุงุฏุฉ ูููุงูุ) ุงูุตุฑุงุญู ุณุคุงู ุดุบู ุฏูุงุบ ุงููุงุญุฏ ุฃูุชู ููุช ุฃูุง ุณุนูุฏ ุฃู ุขุฎุฑ ูุฑุฉ ุญุณูุช ูููุง ุจุงูุณุนุงุฏุฉ ูุณุงุนุชูุง ูุฌุงุด ูู ุจุงูู ุบูุฑ ูู ุงูุฃูุงู ุงููู ููุช ูููุง ุฃูุฑุจ ูู ุฑุจูุง ููุช ุชูุฑูุจุง ุฃุณุนุฏ ูุงุญุฏ ุูุฅู ูู ููู ุจุนุฏุช ููู ุนู ุฑุจูุง ูุงู ุฃุชุนุณ ููู...(1),0,0,2022-12-02 11:45:14+00:00
130,3laa7gag,@Ranah80381554 ุงูุบุฑูุจ ุฃู ุจูุงูู ูุงุณ Head ุฃู seniors ุจุงุนุชูู connect ุงููู ูู ุงูู ูุง ุฌูุงุนุฉ ุฏุง ุฃูุง ูุญูุงู ูุงููู ๐,2,0,2022-11-29 01:10:23+00:00
131,3laa7gag,ุงูุฅูุณุงู ุฅูู ุฒู ุฏุง ุฑุจูุง ููุจุชููู ุจุณ ููุง ูุฏูู ูุงุญุฏู ุจุงูุนูู ุฏุง ูุณุงุนุชูุง ูู ูู ูุนูุง ูุชุฏูู ููููู ููู ุฃูู ูููู ุงูุฅูุณุงูู ุฅูู ูู ุญูุงุชู ุฃู ุฃุฎุฏุช ุตูุฑุฉ ูุดููุฉ ุนู ุงูุฅุณูุงู ูุงูููุชุฒููู ููููููุง ุจุนุธู ุงูุฐูุจ ุฅูู ูู ููู ููููุตุญูุง ุจูู ุฑูู ููุฏุนู ูููุง ููู ุฑุจูุง ุฃุฑุงุฏ ูููุง ุงููุฏุงูุฉ ูุชุชุบูุฑ,2,0,2022-11-26 12:01:23+00:00
132,3laa7gag,"ุชูุฌู ูุงุญุฏุฉ ุชูููู ุงุตู ุจูุตูู ูุจููุฑุฃ ูุฑุขู ูุจูุตูู ููู ูุง ุนููุชูุด ูุฏู ูุนุงู ููููู ุนูููู ูุงูุฑุฉ...!!
ุจูู ุงูููุงู ุฏู ููููู ุญุฏ ุนูุฏู ุดุฆ ูู  ุงูุฅููุงูุ ูุง ุฌูุงุนุฉ ุงุญูุง ูุงูููู ุงูุฅุณูุงู ุบูุท ูุงููู ุฃู ุจูุนูู ุฃุตุญ ุฃูุงูููุง ูุงุนูุงููุง ูููููุง ุงูุฅุณูุงู ุบูุท",1,0,2022-11-26 12:01:21+00:00
133,3laa7gag,"ูุด ูุชุฎูู ูู ุงูุชููุชุงุช ุงูู ุจุนุถ ุงูุจูุงุช ุจูููููุง ูููุง ุฃูุง ุญุฒููู ุฌุฏุงู ุฃู ูุชูุฏููู ูุงุญุฏ ูููุณ ูู ูู ุญุงุฌุฉ ุชูุฑูุจุง ูุง ุนุฏุง ุฃูู ((ูุชุฏูู ุงู ููุชุฒู)) ููุฏุฑุฌุฉ ุฏู ุชูุตู ุจููุง ุงูุบุฑุจุฉ...
ูุด ุงููุณูู ุจุทุจูุนุชู ุจูููู ูุชุฏูู ุงู ููุชุฒู ุจุดุฑุน ุฑุจู ุฅููู ุขูู ุจูู ููุง ุฃูุง ูุฏู ุบูุทุงูุ",2,0,2022-11-26 12:01:20+00:00
134,3laa7gag,"ุงูููุงุฑุฏุฉ ุดุงุจ ูู ุณุชู ุทุจ ุชููู ููู ุณุงุฌุฏ ุฑุจูุง ูุฑุญูู ููุบูุฑ ูู ุฐููุจู ููุณููู ูุณูุญ ุฌูุงุชูโฆ ููุฌุนู ุขุฎุฑุชู ูุญูุณู ุฎุงุชูุชู ุงูููู ุขูููโฆ๐คฒ
ูุงูููู ุงุฌุนููุง ููู ุนุณููุชู ูุฃุญุณูุช ุฎุงุชูู ูุง ุฑุจ ุงูุนุงูููู",6,0,2022-11-25 21:54:58+00:00
135,3laa7gag,"ุตุญ ุฌุฏุง ๐โฆโฅ๏ธโฉ 
ุฑุจูุง ููุฏููุง ุฌููุนุงู https://t.co/O30MOlt3Zt",1,0,2022-11-25 14:37:13+00:00
136,3laa7gag,ุงูุฌุฒุก ุงูููุฑุจ ูุงููุญุจุจ ูููุจู ูู ุฎุชูุฉ ุงูุดูุฎ ุงูููุดุงูู https://t.co/r4T9KUhIbm,0,0,2022-11-24 22:06:55+00:00
137,3laa7gag,ุฌูุจ ุงุฎูุงุชู https://t.co/sIqZbOi4k6,0,0,2022-11-24 21:56:29+00:00
138,3laa7gag,ุงูุจุณููุชุงุช ุงูุฃููุงููุฉ https://t.co/Elq9geClS7,0,0,2022-11-23 15:00:20+00:00
139,3laa7gag,ุนุธูุฉ โฆโฅ๏ธโฉ๐ฅ https://t.co/zsBUlRVdFo,0,0,2022-11-22 12:12:33+00:00
140,3laa7gag,"ุฃูุซุฑ ูุง ุฃุชููุงู ุฃู ุชูุน ุงูุฃุดูุงุก ุงูุชู ุฃุญุจ ูู ูุตูุจู 

ู ุฃูุซุฑ ูุง ุฃุฎุดุงู 
ุฃู ุฃููููุญ ูุฃุญูุงูู ู ูู ุชุฐูุจ ุนูู ุจุนูุฏูุง 

ู ูู ูู ููุจู 
ูุง ููุชูุจู ุนููู ุดูุกู ููุง ููุน ูู ููุจู ูุงุฏุงู ูู ุฃุฌุฏู ูู ููุงูุฉ ุทุฑููู 
ููุง ุญูุฑููุชู ุดูุฆูุง ุฃูููุช ุนูุฑู ูุฃูุงูู 

ุขู ูู ูุงู ูุง ููุฏู ุงููุฑุก  ููุฏุฑุงู ูู ุจุงููุนู.....",1,0,2022-11-21 21:16:04+00:00
141,3laa7gag,ููุง ุชููู ุฏููุฉ ุนูู ุงูุฑุบู ูู ุตุบุฑ ูุณุงุญุชูุง ูุนุฏุฏ ุณูุงููุง ููุน ุฐูู ุชุทูุน ุญุงุฌุฉ ุจุงูุดูู ูุฏุง ูู ุญุฏ ุฐุงุชู ุงูุฌุงุฒ ูุจูุฑ ุงูุตุฑุงุญู ูุงูุฃูู ูู ุฏุง ููู ูููุงุชูู ุงูุฌูููุฉ ูุชุฌููู ูุชูุตูู ุตูุฑุฉ ุงูุฅุณูุงู ุจุดูู ุณููู ูุชุชุญุฏููุง ููุนุงูู ููู ุจุฅููุง ูุด ูุชุนุฑุถ ุบูุฑ ุฅูู ููุงุณุจ ุฏูููุง ูุฏู ุจุฑุฏู ูุจูุฑุฉ ููู,0,0,2022-11-20 18:58:38+00:00
142,3laa7gag,"ุงููุงุญุฏ ุงูุตุฑุงุญู ูุงู ุญุงุณุณ ุจูููุฉ ูุฎุฑ ูุง ุชูุตู ูุฃูุง ุจุงุณูุน ุงูุงูุชุชุงุญูู ุจุชุงุนุฉ ุงููููุฏูุงู ุญุงุฌุฉ ูุฏุง ุชุฏุฑุณ ูุณููู ูุฏุงู โฆโฅ๏ธโฉ โฆโฅ๏ธโฉโจ
#ูููุฏูุงู_ูุทุฑ_2022",0,0,2022-11-20 18:53:29+00:00
143,3laa7gag,ูุด ุนุงุฑู ุฃู ุงููู ุจูุญุตู ูุนุงูุง ุงูููููู ุฏูู ุงูุตุฑุงุญุฉ ุจุณ ุญุงุณุณ ุฅู ูู ุญุงุฌุฉ ุนุดูุงุฆูุฉ ูุชุงููู ูู ุจุนุถูุง ูุฏุง ููุด ุนุงุฑูููุง ููุงูุญ,1,0,2022-11-20 13:40:49+00:00
144,3laa7gag,@Elhossainy8 ุจุงูุธุจุท ูุฏู ูุงููู ๐,0,0,2022-11-19 09:56:42+00:00
145,3laa7gag,"ุงูููููุณุช ุณุงุจูุง ูู ุญุงุฌุฉ ููุงุชู ุฅุฒุงู ูุนูู ุงููุงุญุฏุฉ ูุง ูููุนุด ุชุฎุทุจ ุงูุฌูุนุฉุ!
ุงูู ูุง ุฌูุงุนุฉ ุตุจุงุญ ุงูุฎูุฑ ุงูุชูุง ูููุด ุฎุงูุต๐๐",1,0,2022-11-18 23:41:34+00:00
146,3laa7gag,"ูุนุธู ุงูููุชุณ ูุงูุฑูุจูุงูุฒ ุนูู ุงูุชููุชุฉ ุฏู ุจุชุจูู ูุฃู ูุฏู ูู ุงูุงูุญุฏุงุฑ ุงูุฏููู ูุงูุงุฎูุงูู ูุงูุนููุงูู ุฅูู ูุตููุง ููู...
ูุด ูููู ูุงุญุฏ ูุนุฑู ุฃ ุจ ุฏูู ููููู ุฑุฏู ุจุงูุดูู ุฏุง ุฅูุง ูู ููุงูุด ูุนุฑู ุฏููู ุฃุตูุง ูุฃูู ููู ุชุนููู ุจูู ูุฌุฑุฏ ูุณูู ุนูู ุงูุจุทุงูุฉ ูููุง ุงููุตูุจุฉ ุจูุช ุฃุนุธู ููุง ุญูู ููุงููุฉ ุงูุง ุจุงููู ๐ https://t.co/oZLOJnAoBy",2,0,2022-11-18 23:28:59+00:00
147,3laa7gag,๐โฆ๐คฆ๐ฝโโ๏ธโฉ https://t.co/g54fJ4moUX,0,0,2022-11-17 16:33:38+00:00
148,3laa7gag,"ูููู ุจุชุญุณ ุฃู ุงููู ูุฎูุฑูู ุจูู ููู ุนูู ุฃุจุณุท ุญุงุฌู ูุฏุงุฆูุง ุฏุงุนููู ููู ููู ุถูุฑู ุฏู ุจุงูุฏููุง ูููุง ูุงููู..
ุงูุญูุฏููู ุนูู ูุนูุฉ ุงูุนุงุฆูุฉ โฆโฅ๏ธโฉโจ",5,0,2022-11-17 09:55:00+00:00
149,3laa7gag,ุงูููุฑ ููุงูู ูู ุงููููุจ ูุฌุงุจุชุดู ูุนุงูุง ุญุงุฌู ูุงูุงููุฑุฌู ุฒูุฑู ุจุฑุถู ูุง ุฑุฌุงููโฆ:'(โฉ https://t.co/XU8JTz1TOd,1,0,2022-11-14 18:36:45+00:00
150,3laa7gag,"ุงููุฃุณ ุถุนู ูุฎูู ุฌุจุงู
ููู ุงูุงูู ููุชุญ ุจูุจุงู",1,0,2022-11-14 18:22:43+00:00
151,3laa7gag,"ุชูุงูููู ูุนุฑุถูุง ูุดููุฉ ุจุชูุงุฌู ูู ูุงุญุฏ ูููุง ุฒู ุงูุญุจ ูุงูุงุฑุชุจุงุท ูุงูุฎุทูุจู ูุงูุตูุงุฉ ูุบูุฑูู ููุชููููุง ุนููุง ุจุฃุณููุจ ุดุจุงุจู ูุฏุง ูุฃูู ูุงุนุฏ ูุน ุตุญุงุจู ูุจุฃุณููุจ ุฏููู ูุนููุงูู ูุฎููู ูุง ุชุฒููุด ููุง ุชุญุชูุฑ ููุณู ูุตุงุฏูู ูุชูุตูู ุงููุนูููุฉ ุจุณูููุฉ.. 
ุฏุง ูููู ุงูููุงุฉ ูู ุญุฏ ูุณู ูุด ูุชุงุจุนูู
https://t.co/QeXl6q9SVa",0,0,2022-11-13 16:39:15+00:00
152,3laa7gag,ุจูุฏูุงุณุช ุจุชุงุนุฉ ุฅูู ุงููุดููุฉ ู ุงููุฑ ูููุฑ ููุญูุฏ ุงูุบููุธ ููุงุณุฑ ุฌูุงู ูุน ุญูุธ ุฃููุงุจ ูู ูุงุญุฏ ูููู ุฃูู ูุง ููุงู ุนูููุง ุนุธูุฉ ุจุฌุฏ ููู ุฑุฃู ุฏู ุฃูุถุญ ููุฑุฉ ูููุถูุนูุง ุนูู ุญูุงุฑ ุชุฌุฏูุฏ ุงูุฎุทุงุจ ุงูุฏููู...,0,0,2022-11-13 16:39:14+00:00
153,3laa7gag,"ุญุณุงู : 1
ุดุฑูู : 0 https://t.co/nS7ylScau1",0,0,2022-11-11 22:08:22+00:00
154,3laa7gag,ุงูุชุญุฑูุฑ ูุง ุฃุฎ https://t.co/RuHqRdbl73,0,0,2022-11-11 18:20:51+00:00
155,3laa7gag,"@Muhammadgad99 ูุฏู ุตุญ ูุฃู ุงูููุฑูุถ ุญุงููุง ูููู ุงูุชูุฏูู ูุชุญ ุจุณ ูู ููุงูู ูุนุธู ุงููุญุงูุธุงุช ูุด ูุชูุชุญ ุจูุง..
ุฃูุง ุดููุช ุจุชุงุน ุงุณูุงู ูููุง ุฏุง ุงู ุจุณ ุงู BI ุจูููู ุงูุญุถูุฑ ููู Blended ูุฏุง ูุด ููุงุณุจ ูุนุงูุง ุฎูุงุต ุนุดุงู ุจุนุฏ ุงููุณุงูุฉ ููุฏู ูุฑุจูุง ููุฏู ุงูู ููู ุงูุฎูุฑ",0,0,2022-11-06 20:07:13+00:00
156,3laa7gag,"@Muhammadgad99 ุฃูู ูุจุฑููโฆโฅ๏ธโฉ๐
ูู ุงูุชูุฏูู ููููุซู ูุชุญ ููุง ูุณู ูุฃู ุนูู ุงููููุน ูุง ูุฒูุด ูุณูุุ",1,0,2022-11-06 19:54:41+00:00
157,3laa7gag,ูููุน ุฌุบุฑุงูู ุฃุณูุก ูู ูุฏุง ูุง ุดููุชุด ูุง ุฑุจ ูุทูุน ูู ุนูู ุฎูุฑ,1,0,2022-11-01 00:14:03+00:00
158,3laa7gag,ูุง ุญู ูุง ูููู ุจุฑุญูุชู ุฃุณุชุบูุซ ูุฃุตูุญ ูู ุดุฃูู ููู ููุง ุชูููู ุงูู ููุณู ุทุฑูู ุนูู,0,0,2022-11-01 00:08:16+00:00
